-- Seed dummy data for TURNIIC tournament app
-- Run this in Supabase SQL Editor or via: npm run db:seed

-- Create leaderboards
INSERT INTO leaderboards (id, name, refresh_interval_ms) VALUES
  ('aaaaaaaa-0000-0000-0000-000000000001', 'Small Tournament', 1000),
  ('aaaaaaaa-0000-0000-0000-000000000002', 'Large Tournament', 2000),
  ('aaaaaaaa-0000-0000-0000-000000000003', 'Championship', 1500)
ON CONFLICT (id) DO NOTHING;

-- SMALL LEADERBOARD: 3 participants
INSERT INTO participants (id, name, leaderboard_id) VALUES
  ('bbbbbbbb-0000-0000-0000-000000000001', 'Anna', 'aaaaaaaa-0000-0000-0000-000000000001'),
  ('bbbbbbbb-0000-0000-0000-000000000002', 'Jānis', 'aaaaaaaa-0000-0000-0000-000000000001'),
  ('bbbbbbbb-0000-0000-0000-000000000003', 'Līga', 'aaaaaaaa-0000-0000-0000-000000000001'),
  -- LARGE LEADERBOARD: 10 participants
  ('cccccccc-0000-0000-0000-000000000001', 'Mārtiņš', 'aaaaaaaa-0000-0000-0000-000000000002'),
  ('cccccccc-0000-0000-0000-000000000002', 'Ieva', 'aaaaaaaa-0000-0000-0000-000000000002'),
  ('cccccccc-0000-0000-0000-000000000003', 'Kārlis', 'aaaaaaaa-0000-0000-0000-000000000002'),
  ('cccccccc-0000-0000-0000-000000000004', 'Dace', 'aaaaaaaa-0000-0000-0000-000000000002'),
  ('cccccccc-0000-0000-0000-000000000005', 'Edgars', 'aaaaaaaa-0000-0000-0000-000000000002'),
  ('cccccccc-0000-0000-0000-000000000006', 'Zane', 'aaaaaaaa-0000-0000-0000-000000000002'),
  ('cccccccc-0000-0000-0000-000000000007', 'Rihards', 'aaaaaaaa-0000-0000-0000-000000000002'),
  ('cccccccc-0000-0000-0000-000000000008', 'Gints', 'aaaaaaaa-0000-0000-0000-000000000002'),
  ('cccccccc-0000-0000-0000-000000000009', 'Kristīne', 'aaaaaaaa-0000-0000-0000-000000000002'),
  ('cccccccc-0000-0000-0000-000000000010', 'Māris', 'aaaaaaaa-0000-0000-0000-000000000002'),
  -- CHAMPIONSHIP: 30 participants
  ('dddddddd-0000-0000-0000-000000000001', 'Andris', 'aaaaaaaa-0000-0000-0000-000000000003'),
  ('dddddddd-0000-0000-0000-000000000002', 'Baiba', 'aaaaaaaa-0000-0000-0000-000000000003'),
  ('dddddddd-0000-0000-0000-000000000003', 'Cēzars', 'aaaaaaaa-0000-0000-0000-000000000003'),
  ('dddddddd-0000-0000-0000-000000000004', 'Dīna', 'aaaaaaaa-0000-0000-0000-000000000003'),
  ('dddddddd-0000-0000-0000-000000000005', 'Ēriks', 'aaaaaaaa-0000-0000-0000-000000000003'),
  ('dddddddd-0000-0000-0000-000000000006', 'Francīne', 'aaaaaaaa-0000-0000-0000-000000000003'),
  ('dddddddd-0000-0000-0000-000000000007', 'Gustavs', 'aaaaaaaa-0000-0000-0000-000000000003'),
  ('dddddddd-0000-0000-0000-000000000008', 'Halīna', 'aaaaaaaa-0000-0000-0000-000000000003'),
  ('dddddddd-0000-0000-0000-000000000009', 'Igors', 'aaaaaaaa-0000-0000-0000-000000000003'),
  ('dddddddd-0000-0000-0000-000000000010', 'Jūlija', 'aaaaaaaa-0000-0000-0000-000000000003'),
  ('dddddddd-0000-0000-0000-000000000011', 'Kaspars', 'aaaaaaaa-0000-0000-0000-000000000003'),
  ('dddddddd-0000-0000-0000-000000000012', 'Laima', 'aaaaaaaa-0000-0000-0000-000000000003'),
  ('dddddddd-0000-0000-0000-000000000013', 'Modris', 'aaaaaaaa-0000-0000-0000-000000000003'),
  ('dddddddd-0000-0000-0000-000000000014', 'Nora', 'aaaaaaaa-0000-0000-0000-000000000003'),
  ('dddddddd-0000-0000-0000-000000000015', 'Oļegs', 'aaaaaaaa-0000-0000-0000-000000000003'),
  ('dddddddd-0000-0000-0000-000000000016', 'Patrīcija', 'aaaaaaaa-0000-0000-0000-000000000003'),
  ('dddddddd-0000-0000-0000-000000000017', 'Roberts', 'aaaaaaaa-0000-0000-0000-000000000003'),
  ('dddddddd-0000-0000-0000-000000000018', 'Sanda', 'aaaaaaaa-0000-0000-0000-000000000003'),
  ('dddddddd-0000-0000-0000-000000000019', 'Tālis', 'aaaaaaaa-0000-0000-0000-000000000003'),
  ('dddddddd-0000-0000-0000-000000000020', 'Uģis', 'aaaaaaaa-0000-0000-0000-000000000003'),
  ('dddddddd-0000-0000-0000-000000000021', 'Vija', 'aaaaaaaa-0000-0000-0000-000000000003'),
  ('dddddddd-0000-0000-0000-000000000022', 'Vitolds', 'aaaaaaaa-0000-0000-0000-000000000003'),
  ('dddddddd-0000-0000-0000-000000000023', 'Zoja', 'aaaaaaaa-0000-0000-0000-000000000003'),
  ('dddddddd-0000-0000-0000-000000000024', 'Aigars', 'aaaaaaaa-0000-0000-0000-000000000003'),
  ('dddddddd-0000-0000-0000-000000000025', 'Beāte', 'aaaaaaaa-0000-0000-0000-000000000003'),
  ('dddddddd-0000-0000-0000-000000000026', 'Cintija', 'aaaaaaaa-0000-0000-0000-000000000003'),
  ('dddddddd-0000-0000-0000-000000000027', 'Dainis', 'aaaaaaaa-0000-0000-0000-000000000003'),
  ('dddddddd-0000-0000-0000-000000000028', 'Elīna', 'aaaaaaaa-0000-0000-0000-000000000003'),
  ('dddddddd-0000-0000-0000-000000000029', 'Fridrihs', 'aaaaaaaa-0000-0000-0000-000000000003'),
  ('dddddddd-0000-0000-0000-000000000030', 'Gunda', 'aaaaaaaa-0000-0000-0000-000000000003')
ON CONFLICT (id) DO NOTHING;

-- SMALL LEADERBOARD: 2 rounds
INSERT INTO rounds (id, name, round_number, leaderboard_id) VALUES
  ('dddddddd-0000-0000-0000-000000000001', 'Kāršu spēle', 1, 'aaaaaaaa-0000-0000-0000-000000000001'),
  ('dddddddd-0000-0000-0000-000000000002', 'Viktorīna', 2, 'aaaaaaaa-0000-0000-0000-000000000001'),
  -- LARGE LEADERBOARD: 4 rounds
  ('eeeeeeee-0000-0000-0000-000000000001', 'Round 1', 1, 'aaaaaaaa-0000-0000-0000-000000000002'),
  ('eeeeeeee-0000-0000-0000-000000000002', 'Round 2', 2, 'aaaaaaaa-0000-0000-0000-000000000002'),
  ('eeeeeeee-0000-0000-0000-000000000003', 'Round 3', 3, 'aaaaaaaa-0000-0000-0000-000000000002'),
  ('eeeeeeee-0000-0000-0000-000000000004', 'Final', 4, 'aaaaaaaa-0000-0000-0000-000000000002'),
  -- CHAMPIONSHIP: 10 rounds
  ('ffffffff-0000-0000-0000-000000000001', 'Qualification 1', 1, 'aaaaaaaa-0000-0000-0000-000000000003'),
  ('ffffffff-0000-0000-0000-000000000002', 'Qualification 2', 2, 'aaaaaaaa-0000-0000-0000-000000000003'),
  ('ffffffff-0000-0000-0000-000000000003', 'Qualification 3', 3, 'aaaaaaaa-0000-0000-0000-000000000003'),
  ('ffffffff-0000-0000-0000-000000000004', 'Quarterfinals', 4, 'aaaaaaaa-0000-0000-0000-000000000003'),
  ('ffffffff-0000-0000-0000-000000000005', 'Semifinals', 5, 'aaaaaaaa-0000-0000-0000-000000000003'),
  ('ffffffff-0000-0000-0000-000000000006', 'Finals', 6, 'aaaaaaaa-0000-0000-0000-000000000003'),
  ('ffffffff-0000-0000-0000-000000000007', 'Tiebreaker 1', 7, 'aaaaaaaa-0000-0000-0000-000000000003'),
  ('ffffffff-0000-0000-0000-000000000008', 'Tiebreaker 2', 8, 'aaaaaaaa-0000-0000-0000-000000000003'),
  ('ffffffff-0000-0000-0000-000000000009', 'Tiebreaker 3', 9, 'aaaaaaaa-0000-0000-0000-000000000003'),
  ('ffffffff-0000-0000-0000-000000000010', 'Championship', 10, 'aaaaaaaa-0000-0000-0000-000000000003')
ON CONFLICT (id) DO NOTHING;

-- SMALL LEADERBOARD SCORES
INSERT INTO scores (participant_id, round_id, points) VALUES
  -- Round 1 (Small)
  ('bbbbbbbb-0000-0000-0000-000000000001', 'dddddddd-0000-0000-0000-000000000001', 25),
  ('bbbbbbbb-0000-0000-0000-000000000002', 'dddddddd-0000-0000-0000-000000000001', 18),
  ('bbbbbbbb-0000-0000-0000-000000000003', 'dddddddd-0000-0000-0000-000000000001', 22),
  -- Round 2 (Small)
  ('bbbbbbbb-0000-0000-0000-000000000001', 'dddddddd-0000-0000-0000-000000000002', 20),
  ('bbbbbbbb-0000-0000-0000-000000000002', 'dddddddd-0000-0000-0000-000000000002', 28),
  ('bbbbbbbb-0000-0000-0000-000000000003', 'dddddddd-0000-0000-0000-000000000002', 15),
  -- LARGE LEADERBOARD SCORES
  -- Round 1 (Large)
  ('cccccccc-0000-0000-0000-000000000001', 'eeeeeeee-0000-0000-0000-000000000001', 15),
  ('cccccccc-0000-0000-0000-000000000002', 'eeeeeeee-0000-0000-0000-000000000001', 22),
  ('cccccccc-0000-0000-0000-000000000003', 'eeeeeeee-0000-0000-0000-000000000001', 18),
  ('cccccccc-0000-0000-0000-000000000004', 'eeeeeeee-0000-0000-0000-000000000001', 10),
  ('cccccccc-0000-0000-0000-000000000005', 'eeeeeeee-0000-0000-0000-000000000001', 25),
  ('cccccccc-0000-0000-0000-000000000006', 'eeeeeeee-0000-0000-0000-000000000001', 12),
  ('cccccccc-0000-0000-0000-000000000007', 'eeeeeeee-0000-0000-0000-000000000001', 20),
  ('cccccccc-0000-0000-0000-000000000008', 'eeeeeeee-0000-0000-0000-000000000001', 8),
  ('cccccccc-0000-0000-0000-000000000009', 'eeeeeeee-0000-0000-0000-000000000001', 17),
  ('cccccccc-0000-0000-0000-000000000010', 'eeeeeeee-0000-0000-0000-000000000001', 14),
  -- Round 2 (Large)
  ('cccccccc-0000-0000-0000-000000000001', 'eeeeeeee-0000-0000-0000-000000000002', 20),
  ('cccccccc-0000-0000-0000-000000000002', 'eeeeeeee-0000-0000-0000-000000000002', 10),
  ('cccccccc-0000-0000-0000-000000000003', 'eeeeeeee-0000-0000-0000-000000000002', 25),
  ('cccccccc-0000-0000-0000-000000000004', 'eeeeeeee-0000-0000-0000-000000000002', 18),
  ('cccccccc-0000-0000-0000-000000000005', 'eeeeeeee-0000-0000-0000-000000000002', 12),
  ('cccccccc-0000-0000-0000-000000000006', 'eeeeeeee-0000-0000-0000-000000000002', 22),
  ('cccccccc-0000-0000-0000-000000000007', 'eeeeeeee-0000-0000-0000-000000000002', 15),
  ('cccccccc-0000-0000-0000-000000000008', 'eeeeeeee-0000-0000-0000-000000000002', 28),
  ('cccccccc-0000-0000-0000-000000000009', 'eeeeeeee-0000-0000-0000-000000000002', 5),
  ('cccccccc-0000-0000-0000-000000000010', 'eeeeeeee-0000-0000-0000-000000000002', 19),
  -- Round 3 (Large)
  ('cccccccc-0000-0000-0000-000000000001', 'eeeeeeee-0000-0000-0000-000000000003', 30),
  ('cccccccc-0000-0000-0000-000000000002', 'eeeeeeee-0000-0000-0000-000000000003', 15),
  ('cccccccc-0000-0000-0000-000000000003', 'eeeeeeee-0000-0000-0000-000000000003', 10),
  ('cccccccc-0000-0000-0000-000000000004', 'eeeeeeee-0000-0000-0000-000000000003', 22),
  ('cccccccc-0000-0000-0000-000000000005', 'eeeeeeee-0000-0000-0000-000000000003', 18),
  ('cccccccc-0000-0000-0000-000000000006', 'eeeeeeee-0000-0000-0000-000000000003', 14),
  ('cccccccc-0000-0000-0000-000000000007', 'eeeeeeee-0000-0000-0000-000000000003', 25),
  ('cccccccc-0000-0000-0000-000000000008', 'eeeeeeee-0000-0000-0000-000000000003', 20),
  ('cccccccc-0000-0000-0000-000000000009', 'eeeeeeee-0000-0000-0000-000000000003', 22),
  ('cccccccc-0000-0000-0000-000000000010', 'eeeeeeee-0000-0000-0000-000000000003', 16),
  -- Round 4 (Large)
  ('cccccccc-0000-0000-0000-000000000001', 'eeeeeeee-0000-0000-0000-000000000004', 28),
  ('cccccccc-0000-0000-0000-000000000002', 'eeeeeeee-0000-0000-0000-000000000004', 20),
  ('cccccccc-0000-0000-0000-000000000003', 'eeeeeeee-0000-0000-0000-000000000004', 23),
  ('cccccccc-0000-0000-0000-000000000004', 'eeeeeeee-0000-0000-0000-000000000004', 16),
  ('cccccccc-0000-0000-0000-000000000005', 'eeeeeeee-0000-0000-0000-000000000004', 19),
  ('cccccccc-0000-0000-0000-000000000006', 'eeeeeeee-0000-0000-0000-000000000004', 24),
  ('cccccccc-0000-0000-0000-000000000007', 'eeeeeeee-0000-0000-0000-000000000004', 21),
  ('cccccccc-0000-0000-0000-000000000008', 'eeeeeeee-0000-0000-0000-000000000004', 18),
  ('cccccccc-0000-0000-0000-000000000009', 'eeeeeeee-0000-0000-0000-000000000004', 26),
  ('cccccccc-0000-0000-0000-000000000010', 'eeeeeeee-0000-0000-0000-000000000004', 12)
ON CONFLICT (participant_id, round_id) DO NOTHING;

-- CHAMPIONSHIP SCORES (30 participants × 10 rounds = 300 scores)
-- For brevity, using varied random-like points
INSERT INTO scores (participant_id, round_id, points) VALUES
  -- Round 1
  ('dddddddd-0000-0000-0000-000000000001', 'ffffffff-0000-0000-0000-000000000001', 28),
  ('dddddddd-0000-0000-0000-000000000002', 'ffffffff-0000-0000-0000-000000000001', 15),
  ('dddddddd-0000-0000-0000-000000000003', 'ffffffff-0000-0000-0000-000000000001', 22),
  ('dddddddd-0000-0000-0000-000000000004', 'ffffffff-0000-0000-0000-000000000001', 18),
  ('dddddddd-0000-0000-0000-000000000005', 'ffffffff-0000-0000-0000-000000000001', 25),
  ('dddddddd-0000-0000-0000-000000000006', 'ffffffff-0000-0000-0000-000000000001', 12),
  ('dddddddd-0000-0000-0000-000000000007', 'ffffffff-0000-0000-0000-000000000001', 20),
  ('dddddddd-0000-0000-0000-000000000008', 'ffffffff-0000-0000-0000-000000000001', 16),
  ('dddddddd-0000-0000-0000-000000000009', 'ffffffff-0000-0000-0000-000000000001', 23),
  ('dddddddd-0000-0000-0000-000000000010', 'ffffffff-0000-0000-0000-000000000001', 14),
  ('dddddddd-0000-0000-0000-000000000011', 'ffffffff-0000-0000-0000-000000000001', 21),
  ('dddddddd-0000-0000-0000-000000000012', 'ffffffff-0000-0000-0000-000000000001', 19),
  ('dddddddd-0000-0000-0000-000000000013', 'ffffffff-0000-0000-0000-000000000001', 26),
  ('dddddddd-0000-0000-0000-000000000014', 'ffffffff-0000-0000-0000-000000000001', 17),
  ('dddddddd-0000-0000-0000-000000000015', 'ffffffff-0000-0000-0000-000000000001', 24),
  ('dddddddd-0000-0000-0000-000000000016', 'ffffffff-0000-0000-0000-000000000001', 13),
  ('dddddddd-0000-0000-0000-000000000017', 'ffffffff-0000-0000-0000-000000000001', 27),
  ('dddddddd-0000-0000-0000-000000000018', 'ffffffff-0000-0000-0000-000000000001', 11),
  ('dddddddd-0000-0000-0000-000000000019', 'ffffffff-0000-0000-0000-000000000001', 29),
  ('dddddddd-0000-0000-0000-000000000020', 'ffffffff-0000-0000-0000-000000000001', 10),
  ('dddddddd-0000-0000-0000-000000000021', 'ffffffff-0000-0000-0000-000000000001', 25),
  ('dddddddd-0000-0000-0000-000000000022', 'ffffffff-0000-0000-0000-000000000001', 18),
  ('dddddddd-0000-0000-0000-000000000023', 'ffffffff-0000-0000-0000-000000000001', 22),
  ('dddddddd-0000-0000-0000-000000000024', 'ffffffff-0000-0000-0000-000000000001', 15),
  ('dddddddd-0000-0000-0000-000000000025', 'ffffffff-0000-0000-0000-000000000001', 20),
  ('dddddddd-0000-0000-0000-000000000026', 'ffffffff-0000-0000-0000-000000000001', 16),
  ('dddddddd-0000-0000-0000-000000000027', 'ffffffff-0000-0000-0000-000000000001', 23),
  ('dddddddd-0000-0000-0000-000000000028', 'ffffffff-0000-0000-0000-000000000001', 19),
  ('dddddddd-0000-0000-0000-000000000029', 'ffffffff-0000-0000-0000-000000000001', 26),
  ('dddddddd-0000-0000-0000-000000000030', 'ffffffff-0000-0000-0000-000000000001', 12),
  -- Rounds 2-10 (abbreviated for brevity - in production you'd generate all)
  ('dddddddd-0000-0000-0000-000000000001', 'ffffffff-0000-0000-0000-000000000002', 25),
  ('dddddddd-0000-0000-0000-000000000002', 'ffffffff-0000-0000-0000-000000000002', 18),
  ('dddddddd-0000-0000-0000-000000000003', 'ffffffff-0000-0000-0000-000000000002', 21),
  ('dddddddd-0000-0000-0000-000000000004', 'ffffffff-0000-0000-0000-000000000002', 19),
  ('dddddddd-0000-0000-0000-000000000005', 'ffffffff-0000-0000-0000-000000000002', 27),
  ('dddddddd-0000-0000-0000-000000000006', 'ffffffff-0000-0000-0000-000000000002', 14),
  ('dddddddd-0000-0000-0000-000000000007', 'ffffffff-0000-0000-0000-000000000002', 22),
  ('dddddddd-0000-0000-0000-000000000008', 'ffffffff-0000-0000-0000-000000000002', 17),
  ('dddddddd-0000-0000-0000-000000000009', 'ffffffff-0000-0000-0000-000000000002', 24),
  ('dddddddd-0000-0000-0000-000000000010', 'ffffffff-0000-0000-0000-000000000002', 16),
  ('dddddddd-0000-0000-0000-000000000011', 'ffffffff-0000-0000-0000-000000000002', 20),
  ('dddddddd-0000-0000-0000-000000000012', 'ffffffff-0000-0000-0000-000000000002', 18),
  ('dddddddd-0000-0000-0000-000000000013', 'ffffffff-0000-0000-0000-000000000002', 25),
  ('dddddddd-0000-0000-0000-000000000014', 'ffffffff-0000-0000-0000-000000000002', 15),
  ('dddddddd-0000-0000-0000-000000000015', 'ffffffff-0000-0000-0000-000000000002', 23),
  ('dddddddd-0000-0000-0000-000000000016', 'ffffffff-0000-0000-0000-000000000002', 12),
  ('dddddddd-0000-0000-0000-000000000017', 'ffffffff-0000-0000-0000-000000000002', 26),
  ('dddddddd-0000-0000-0000-000000000018', 'ffffffff-0000-0000-0000-000000000002', 13),
  ('dddddddd-0000-0000-0000-000000000019', 'ffffffff-0000-0000-0000-000000000002', 28),
  ('dddddddd-0000-0000-0000-000000000020', 'ffffffff-0000-0000-0000-000000000002', 11),
  ('dddddddd-0000-0000-0000-000000000021', 'ffffffff-0000-0000-0000-000000000002', 24),
  ('dddddddd-0000-0000-0000-000000000022', 'ffffffff-0000-0000-0000-000000000002', 17),
  ('dddddddd-0000-0000-0000-000000000023', 'ffffffff-0000-0000-0000-000000000002', 21),
  ('dddddddd-0000-0000-0000-000000000024', 'ffffffff-0000-0000-0000-000000000002', 14),
  ('dddddddd-0000-0000-0000-000000000025', 'ffffffff-0000-0000-0000-000000000002', 19),
  ('dddddddd-0000-0000-0000-000000000026', 'ffffffff-0000-0000-0000-000000000002', 18),
  ('dddddddd-0000-0000-0000-000000000027', 'ffffffff-0000-0000-0000-000000000002', 22),
  ('dddddddd-0000-0000-0000-000000000028', 'ffffffff-0000-0000-0000-000000000002', 20),
  ('dddddddd-0000-0000-0000-000000000029', 'ffffffff-0000-0000-0000-000000000002', 25),
  ('dddddddd-0000-0000-0000-000000000030', 'ffffffff-0000-0000-0000-000000000002', 10)
ON CONFLICT (participant_id, round_id) DO NOTHING;
