-- Seed dummy data for TURNIIC tournament app
-- Run this in Supabase SQL Editor or via: npm run db:seed

-- Create leaderboards
INSERT INTO leaderboards (id, name, refresh_interval_ms) VALUES
  ('aaaaaaaa-0000-0000-0000-000000000001', 'Small Tournament', 1000),
  ('aaaaaaaa-0000-0000-0000-000000000002', 'Large Tournament', 2000)
ON CONFLICT (id) DO NOTHING;

-- SMALL LEADERBOARD: 3 participants
INSERT INTO participants (id, name, leaderboard_id) VALUES
  ('bbbbbbbb-0000-0000-0000-000000000001', 'Anna', 'aaaaaaaa-0000-0000-0000-000000000001'),
  ('bbbbbbbb-0000-0000-0000-000000000002', 'Jānis', 'aaaaaaaa-0000-0000-0000-000000000001'),
  ('bbbbbbbb-0000-0000-0000-000000000003', 'Līga', 'aaaaaaaa-0000-0000-0000-000000000001'),
  -- LARGE LEADERBOARD: 10 participants
  ('cccccccc-0000-0000-0000-000000000001', 'Mārtiņš', 'aaaaaaaa-0000-0000-0000-000000000002'),
  ('cccccccc-0000-0000-0000-000000000002', 'Ieva', 'aaaaaaaa-0000-0000-0000-000000000002'),
  ('cccccccc-0000-0000-0000-000000000003', 'Kārlis', 'aaaaaaaa-0000-0000-0000-000000000002'),
  ('cccccccc-0000-0000-0000-000000000004', 'Dace', 'aaaaaaaa-0000-0000-0000-000000000002'),
  ('cccccccc-0000-0000-0000-000000000005', 'Edgars', 'aaaaaaaa-0000-0000-0000-000000000002'),
  ('cccccccc-0000-0000-0000-000000000006', 'Zane', 'aaaaaaaa-0000-0000-0000-000000000002'),
  ('cccccccc-0000-0000-0000-000000000007', 'Rihards', 'aaaaaaaa-0000-0000-0000-000000000002'),
  ('cccccccc-0000-0000-0000-000000000008', 'Gints', 'aaaaaaaa-0000-0000-0000-000000000002'),
  ('cccccccc-0000-0000-0000-000000000009', 'Kristīne', 'aaaaaaaa-0000-0000-0000-000000000002'),
  ('cccccccc-0000-0000-0000-000000000010', 'Māris', 'aaaaaaaa-0000-0000-0000-000000000002')
ON CONFLICT (id) DO NOTHING;

-- SMALL LEADERBOARD: 2 rounds
INSERT INTO rounds (id, name, round_number, leaderboard_id) VALUES
  ('dddddddd-0000-0000-0000-000000000001', 'Kāršu spēle', 1, 'aaaaaaaa-0000-0000-0000-000000000001'),
  ('dddddddd-0000-0000-0000-000000000002', 'Viktorīna', 2, 'aaaaaaaa-0000-0000-0000-000000000001'),
  -- LARGE LEADERBOARD: 4 rounds
  ('eeeeeeee-0000-0000-0000-000000000001', 'Round 1', 1, 'aaaaaaaa-0000-0000-0000-000000000002'),
  ('eeeeeeee-0000-0000-0000-000000000002', 'Round 2', 2, 'aaaaaaaa-0000-0000-0000-000000000002'),
  ('eeeeeeee-0000-0000-0000-000000000003', 'Round 3', 3, 'aaaaaaaa-0000-0000-0000-000000000002'),
  ('eeeeeeee-0000-0000-0000-000000000004', 'Final', 4, 'aaaaaaaa-0000-0000-0000-000000000002')
ON CONFLICT (id) DO NOTHING;

-- SMALL LEADERBOARD SCORES
INSERT INTO scores (participant_id, round_id, points) VALUES
  -- Round 1 (Small)
  ('bbbbbbbb-0000-0000-0000-000000000001', 'dddddddd-0000-0000-0000-000000000001', 25),
  ('bbbbbbbb-0000-0000-0000-000000000002', 'dddddddd-0000-0000-0000-000000000001', 18),
  ('bbbbbbbb-0000-0000-0000-000000000003', 'dddddddd-0000-0000-0000-000000000001', 22),
  -- Round 2 (Small)
  ('bbbbbbbb-0000-0000-0000-000000000001', 'dddddddd-0000-0000-0000-000000000002', 20),
  ('bbbbbbbb-0000-0000-0000-000000000002', 'dddddddd-0000-0000-0000-000000000002', 28),
  ('bbbbbbbb-0000-0000-0000-000000000003', 'dddddddd-0000-0000-0000-000000000002', 15),
  -- LARGE LEADERBOARD SCORES
  -- Round 1 (Large)
  ('cccccccc-0000-0000-0000-000000000001', 'eeeeeeee-0000-0000-0000-000000000001', 15),
  ('cccccccc-0000-0000-0000-000000000002', 'eeeeeeee-0000-0000-0000-000000000001', 22),
  ('cccccccc-0000-0000-0000-000000000003', 'eeeeeeee-0000-0000-0000-000000000001', 18),
  ('cccccccc-0000-0000-0000-000000000004', 'eeeeeeee-0000-0000-0000-000000000001', 10),
  ('cccccccc-0000-0000-0000-000000000005', 'eeeeeeee-0000-0000-0000-000000000001', 25),
  ('cccccccc-0000-0000-0000-000000000006', 'eeeeeeee-0000-0000-0000-000000000001', 12),
  ('cccccccc-0000-0000-0000-000000000007', 'eeeeeeee-0000-0000-0000-000000000001', 20),
  ('cccccccc-0000-0000-0000-000000000008', 'eeeeeeee-0000-0000-0000-000000000001', 8),
  ('cccccccc-0000-0000-0000-000000000009', 'eeeeeeee-0000-0000-0000-000000000001', 17),
  ('cccccccc-0000-0000-0000-000000000010', 'eeeeeeee-0000-0000-0000-000000000001', 14),
  -- Round 2 (Large)
  ('cccccccc-0000-0000-0000-000000000001', 'eeeeeeee-0000-0000-0000-000000000002', 20),
  ('cccccccc-0000-0000-0000-000000000002', 'eeeeeeee-0000-0000-0000-000000000002', 10),
  ('cccccccc-0000-0000-0000-000000000003', 'eeeeeeee-0000-0000-0000-000000000002', 25),
  ('cccccccc-0000-0000-0000-000000000004', 'eeeeeeee-0000-0000-0000-000000000002', 18),
  ('cccccccc-0000-0000-0000-000000000005', 'eeeeeeee-0000-0000-0000-000000000002', 12),
  ('cccccccc-0000-0000-0000-000000000006', 'eeeeeeee-0000-0000-0000-000000000002', 22),
  ('cccccccc-0000-0000-0000-000000000007', 'eeeeeeee-0000-0000-0000-000000000002', 15),
  ('cccccccc-0000-0000-0000-000000000008', 'eeeeeeee-0000-0000-0000-000000000002', 28),
  ('cccccccc-0000-0000-0000-000000000009', 'eeeeeeee-0000-0000-0000-000000000002', 5),
  ('cccccccc-0000-0000-0000-000000000010', 'eeeeeeee-0000-0000-0000-000000000002', 19),
  -- Round 3 (Large)
  ('cccccccc-0000-0000-0000-000000000001', 'eeeeeeee-0000-0000-0000-000000000003', 30),
  ('cccccccc-0000-0000-0000-000000000002', 'eeeeeeee-0000-0000-0000-000000000003', 15),
  ('cccccccc-0000-0000-0000-000000000003', 'eeeeeeee-0000-0000-0000-000000000003', 10),
  ('cccccccc-0000-0000-0000-000000000004', 'eeeeeeee-0000-0000-0000-000000000003', 22),
  ('cccccccc-0000-0000-0000-000000000005', 'eeeeeeee-0000-0000-0000-000000000003', 18),
  ('cccccccc-0000-0000-0000-000000000006', 'eeeeeeee-0000-0000-0000-000000000003', 14),
  ('cccccccc-0000-0000-0000-000000000007', 'eeeeeeee-0000-0000-0000-000000000003', 25),
  ('cccccccc-0000-0000-0000-000000000008', 'eeeeeeee-0000-0000-0000-000000000003', 20),
  ('cccccccc-0000-0000-0000-000000000009', 'eeeeeeee-0000-0000-0000-000000000003', 22),
  ('cccccccc-0000-0000-0000-000000000010', 'eeeeeeee-0000-0000-0000-000000000003', 16),
  -- Round 4 (Large)
  ('cccccccc-0000-0000-0000-000000000001', 'eeeeeeee-0000-0000-0000-000000000004', 28),
  ('cccccccc-0000-0000-0000-000000000002', 'eeeeeeee-0000-0000-0000-000000000004', 20),
  ('cccccccc-0000-0000-0000-000000000003', 'eeeeeeee-0000-0000-0000-000000000004', 23),
  ('cccccccc-0000-0000-0000-000000000004', 'eeeeeeee-0000-0000-0000-000000000004', 16),
  ('cccccccc-0000-0000-0000-000000000005', 'eeeeeeee-0000-0000-0000-000000000004', 19),
  ('cccccccc-0000-0000-0000-000000000006', 'eeeeeeee-0000-0000-0000-000000000004', 24),
  ('cccccccc-0000-0000-0000-000000000007', 'eeeeeeee-0000-0000-0000-000000000004', 21),
  ('cccccccc-0000-0000-0000-000000000008', 'eeeeeeee-0000-0000-0000-000000000004', 18),
  ('cccccccc-0000-0000-0000-000000000009', 'eeeeeeee-0000-0000-0000-000000000004', 26),
  ('cccccccc-0000-0000-0000-000000000010', 'eeeeeeee-0000-0000-0000-000000000004', 12)
ON CONFLICT (participant_id, round_id) DO NOTHING;
